{
    "audit": {
        "exclude_vector_patterns": [], 
        "parameter_values": true, 
        "elements": [], 
        "link_templates": [], 
        "include_vector_patterns": []
    }, 
    "http": {
        "request_timeout": 10000, 
        "cookies": {}, 
        "response_max_size": 500000, 
        "request_concurrency": 20, 
        "request_headers": {}, 
        "authentication_type": "auto", 
        "user_agent": "Arachni/v2.0dev", 
        "request_redirect_limit": 5, 
        "request_queue_size": 100
    }, 
    "input": {
        "without_defaults": false, 
        "default_values": {
            "(?i-mx:pass)": "5543!%arachni_secret", 
            "(?i-mx:name)": "arachni_name", 
            "(?i-mx:mail)": "arachni@email.gr", 
            "(?i-mx:amount)": "100", 
            "(?i-mx:usr)": "arachni_user", 
            "(?i-mx:id)": "1", 
            "(?i-mx:txt)": "arachni_text", 
            "(?i-mx:account)": "12", 
            "(?i-mx:user)": "arachni_user", 
            "(?i-mx:num)": "132"
        }, 
        "force": false, 
        "values": {}
    }, 
    "url": null, 
    "no_fingerprinting": false, 
    "browser_cluster": {
        "screen_width": 1600, 
        "pool_size": 6, 
        "ignore_images": false, 
        "worker_time_to_live": 100, 
        "wait_for_elements": {}, 
        "job_timeout": 25, 
        "screen_height": 1200
    }, 
    "platforms": [], 
    "session": {}, 
    "plugins": {

    }, 
    "authorized_by": null, 
    "scope": {
        "exclude_content_patterns": [], 
        "url_rewrites": {}, 
        "redundant_path_patterns": {}, 
        "extend_paths": [], 
        "dom_depth_limit": 5, 
        "include_path_patterns": [], 
        "restrict_paths": [], 
        "exclude_path_patterns": []
    }, 
    "checks": [
        "allowed_methods", 
        "backup_directories", 
        "backup_files", 
        "captcha", 
        "code_injection", 
        "code_injection_php_input_wrapper", 
        "code_injection_timing", 
        "cookie_set_for_parent_domain", 
        "credit_card", 
        "csrf", 
        "cvs_svn_users", 
        "directory_listing", 
        "emails", 
        "file_inclusion", 
        "form_upload", 
        "hsts", 
        "htaccess_limit", 
        "html_objects", 
        "http_only_cookies", 
        "http_put", 
        "insecure_client_access_policy", 
        "insecure_cookies", 
        "insecure_cors_policy", 
        "insecure_cross_domain_policy_access", 
        "insecure_cross_domain_policy_headers",  
        "ldap_injection", 
        "localstart_asp",
        "origin_spoof_access_restriction_bypass", 
        "os_cmd_injection", 
        "os_cmd_injection_timing", 
        "password_autocomplete", 
        "path_traversal", 
        "private_ip", 
        "response_splitting", 
        "rfi", 
        "session_fixation", 
        "source_code_disclosure", 
        "ssn", 
        "unencrypted_password_forms", 
        "unvalidated_redirect", 
        "unvalidated_redirect_dom", 
        "webdav", 
        "x_frame_options", 
        "xpath_injection", 
        "xss", 
        "xss_dom", 
        "xss_dom_script_context", 
        "xss_event", 
        "xss_path", 
        "xss_script_context", 
        "xss_tag", 
        "xst", 
        "xxe"
    ]
}