{
  "scope" : {
    "redundant_path_patterns" : {},
    "dom_depth_limit" : 5,
    "exclude_file_extensions" : [],
    "exclude_path_patterns" : [],
    "exclude_content_patterns" : [],
    "include_path_patterns" : [],
    "restrict_paths" : [],
    "extend_paths" : [],
    "url_rewrites" : {}
  },
  "datastore" : {},
  "http" : {
    "user_agent" : "Arachni/v1.4",
    "request_timeout" : 10000,
    "request_redirect_limit" : 5,
    "request_concurrency" : 20,
    "request_queue_size" : 100,
    "request_headers" : {},
    "response_max_size" : 500000,
    "cookies" : {},
	"authentication_type" : "auto"
  },
  "audit" : {
    "parameter_values" : true,
    "exclude_vector_patterns" : [],
    "include_vector_patterns" : [],
    "link_templates" : [],
    "links" : true,
    "forms" : true,
    "cookies" : true,
    "jsons" : true,
    "xmls" : true,
    "ui_forms" : true,
    "ui_inputs" : true
  },
  "session" : {},
  "browser_cluster" : {
    "local_storage" : {},
    "wait_for_elements" : {},
    "pool_size" : 6,
    "job_timeout" : 25,
    "worker_time_to_live" : 100,
    "ignore_images" : false,
    "screen_width" : 1600,
    "screen_height" : 1200
  },
  "input" : {
    "values" : {
      "name" : "arachni_name",
      "user" : "arachni_user",
      "usr" : "arachni_user",
      "pass" : "5543!%arachni_secret",
      "txt" : "arachni_text",
      "num" : "132",
      "amount" : "100",
      "mail" : "arachni@email.gr",
      "account" : "12",
      "id" : "1"
    },
    "without_defaults" : true,
    "force" : false
  },
  "checks" : [
    "allowed_methods", 
        "backdoors", 
        "backup_directories", 
        "backup_files", 
        "captcha", 
        "code_injection", 
        "code_injection_php_input_wrapper", 
        "code_injection_timing", 
        "common_admin_interfaces", 
        "common_directories", 
        "common_files", 
        "cookie_set_for_parent_domain", 
        "credit_card", 
        "csrf", 
        "cvs_svn_users", 
        "directory_listing", 
        "emails", 
        "file_inclusion", 
        "form_upload", 
        "hsts", 
        "htaccess_limit", 
        "html_objects", 
        "http_only_cookies", 
        "http_put", 
        "insecure_client_access_policy", 
        "insecure_cookies", 
        "insecure_cors_policy", 
        "insecure_cross_domain_policy_access", 
        "insecure_cross_domain_policy_headers", 
        "interesting_responses", 
        "ldap_injection", 
        "localstart_asp", 
        "mixed_resource", 
        "no_sql_injection", 
        "no_sql_injection_differential", 
        "origin_spoof_access_restriction_bypass", 
        "os_cmd_injection", 
        "os_cmd_injection_timing", 
        "password_autocomplete", 
        "path_traversal", 
        "private_ip", 
        "response_splitting", 
        "rfi", 
        "session_fixation", 
        "source_code_disclosure", 
        "sql_injection", 
        "sql_injection_differential", 
        "sql_injection_timing", 
        "ssn", 
        "trainer", 
        "unencrypted_password_forms", 
        "unvalidated_redirect", 
        "unvalidated_redirect_dom", 
        "webdav", 
        "x_frame_options", 
        "xpath_injection", 
        "xss", 
        "xss_dom", 
        "xss_dom_script_context", 
        "xss_event", 
        "xss_path", 
        "xss_script_context", 
        "xss_tag", 
        "xst", 
        "xxe"
  ],
  "platforms" : [],
  "plugins" : {
	"autologin" : {
      "url" : "http://710377d96d5c.ngrok.io/login",,
      "parameters" : "email=admin@admin.com&password=password",
      "check" : "logout"
    },
    "autothrottle" : {},
    "discovery" : {},
    "healthmap" : {},
    "timing_attacks" : {},
    "uniformity" : {}
  },
  "no_fingerprinting" : false,
  "authorized_by" : null
}
